<annotation>
	<folder>images</folder>
	<filename>wine_bottle117.jpg</filename>
	<path>C:\Users\rgaudre\Downloads\wine_bottle\images\wine_bottle117.jpg</path>
	<source>
		<database>Unknown</database>
	</source>
	<size>
		<width>512</width>
		<height>512</height>
		<depth>3</depth>
	</size>
	<segmented>0</segmented>
	<object>
		<name>wine_bottle</name>
		<pose>Unspecified</pose>
		<truncated>0</truncated>
		<difficult>0</difficult>
		<bndbox>
			<xmin>304</xmin>
			<ymin>76</ymin>
			<xmax>395</xmax>
			<ymax>423</ymax>
		</bndbox>
	</object>
	<object>
		<name>wine_bottle</name>
		<pose>Unspecified</pose>
		<truncated>0</truncated>
		<difficult>0</difficult>
		<bndbox>
			<xmin>218</xmin>
			<ymin>67</ymin>
			<xmax>317</xmax>
			<ymax>436</ymax>
		</bndbox>
	</object>
	<object>
		<name>wine_bottle</name>
		<pose>Unspecified</pose>
		<truncated>0</truncated>
		<difficult>0</difficult>
		<bndbox>
			<xmin>135</xmin>
			<ymin>74</ymin>
			<xmax>224</xmax>
			<ymax>428</ymax>
		</bndbox>
	</object>
</annotation>
