<annotation>
	<folder>images</folder>
	<filename>wine_bottle492.jpg</filename>
	<path>C:\Users\rgaudre\Downloads\wine_bottle\images\wine_bottle492.jpg</path>
	<source>
		<database>Unknown</database>
	</source>
	<size>
		<width>512</width>
		<height>512</height>
		<depth>3</depth>
	</size>
	<segmented>0</segmented>
	<object>
		<name>wine_bottle</name>
		<pose>Unspecified</pose>
		<truncated>0</truncated>
		<difficult>0</difficult>
		<bndbox>
			<xmin>129</xmin>
			<ymin>95</ymin>
			<xmax>204</xmax>
			<ymax>419</ymax>
		</bndbox>
	</object>
	<object>
		<name>wine_bottle</name>
		<pose>Unspecified</pose>
		<truncated>0</truncated>
		<difficult>0</difficult>
		<bndbox>
			<xmin>212</xmin>
			<ymin>96</ymin>
			<xmax>292</xmax>
			<ymax>419</ymax>
		</bndbox>
	</object>
	<object>
		<name>wine_bottle</name>
		<pose>Unspecified</pose>
		<truncated>0</truncated>
		<difficult>0</difficult>
		<bndbox>
			<xmin>309</xmin>
			<ymin>98</ymin>
			<xmax>383</xmax>
			<ymax>406</ymax>
		</bndbox>
	</object>
	<object>
		<name>wine_bottle</name>
		<pose>Unspecified</pose>
		<truncated>0</truncated>
		<difficult>0</difficult>
		<bndbox>
			<xmin>394</xmin>
			<ymin>98</ymin>
			<xmax>472</xmax>
			<ymax>411</ymax>
		</bndbox>
	</object>
	<object>
		<name>wine_bottle</name>
		<pose>Unspecified</pose>
		<truncated>0</truncated>
		<difficult>0</difficult>
		<bndbox>
			<xmin>39</xmin>
			<ymin>94</ymin>
			<xmax>106</xmax>
			<ymax>413</ymax>
		</bndbox>
	</object>
</annotation>
