<annotation>
	<folder>images</folder>
	<filename>wine_bottle460.jpg</filename>
	<path>C:\Users\rgaudre\Downloads\wine_bottle\images\wine_bottle460.jpg</path>
	<source>
		<database>Unknown</database>
	</source>
	<size>
		<width>512</width>
		<height>512</height>
		<depth>3</depth>
	</size>
	<segmented>0</segmented>
	<object>
		<name>wine_bottle</name>
		<pose>Unspecified</pose>
		<truncated>1</truncated>
		<difficult>0</difficult>
		<bndbox>
			<xmin>1</xmin>
			<ymin>48</ymin>
			<xmax>116</xmax>
			<ymax>406</ymax>
		</bndbox>
	</object>
	<object>
		<name>wine_bottle</name>
		<pose>Unspecified</pose>
		<truncated>0</truncated>
		<difficult>0</difficult>
		<bndbox>
			<xmin>93</xmin>
			<ymin>48</ymin>
			<xmax>201</xmax>
			<ymax>401</ymax>
		</bndbox>
	</object>
	<object>
		<name>wine_bottle</name>
		<pose>Unspecified</pose>
		<truncated>0</truncated>
		<difficult>0</difficult>
		<bndbox>
			<xmin>178</xmin>
			<ymin>54</ymin>
			<xmax>269</xmax>
			<ymax>396</ymax>
		</bndbox>
	</object>
	<object>
		<name>wine_bottle</name>
		<pose>Unspecified</pose>
		<truncated>0</truncated>
		<difficult>0</difficult>
		<bndbox>
			<xmin>259</xmin>
			<ymin>46</ymin>
			<xmax>344</xmax>
			<ymax>396</ymax>
		</bndbox>
	</object>
	<object>
		<name>wine_bottle</name>
		<pose>Unspecified</pose>
		<truncated>0</truncated>
		<difficult>0</difficult>
		<bndbox>
			<xmin>338</xmin>
			<ymin>55</ymin>
			<xmax>429</xmax>
			<ymax>404</ymax>
		</bndbox>
	</object>
	<object>
		<name>wine_bottle</name>
		<pose>Unspecified</pose>
		<truncated>0</truncated>
		<difficult>0</difficult>
		<bndbox>
			<xmin>415</xmin>
			<ymin>67</ymin>
			<xmax>508</xmax>
			<ymax>401</ymax>
		</bndbox>
	</object>
</annotation>
