<annotation>
	<folder>images</folder>
	<filename>wine_bottle13.jpg</filename>
	<path>C:\Users\rgaudre\Downloads\wine_bottle\images\wine_bottle13.jpg</path>
	<source>
		<database>Unknown</database>
	</source>
	<size>
		<width>512</width>
		<height>512</height>
		<depth>3</depth>
	</size>
	<segmented>0</segmented>
	<object>
		<name>wine_bottle</name>
		<pose>Unspecified</pose>
		<truncated>0</truncated>
		<difficult>0</difficult>
		<bndbox>
			<xmin>76</xmin>
			<ymin>61</ymin>
			<xmax>178</xmax>
			<ymax>435</ymax>
		</bndbox>
	</object>
	<object>
		<name>wine_bottle</name>
		<pose>Unspecified</pose>
		<truncated>0</truncated>
		<difficult>0</difficult>
		<bndbox>
			<xmin>179</xmin>
			<ymin>60</ymin>
			<xmax>268</xmax>
			<ymax>425</ymax>
		</bndbox>
	</object>
	<object>
		<name>wine_bottle</name>
		<pose>Unspecified</pose>
		<truncated>0</truncated>
		<difficult>0</difficult>
		<bndbox>
			<xmin>264</xmin>
			<ymin>139</ymin>
			<xmax>361</xmax>
			<ymax>440</ymax>
		</bndbox>
	</object>
	<object>
		<name>wine_bottle</name>
		<pose>Unspecified</pose>
		<truncated>0</truncated>
		<difficult>0</difficult>
		<bndbox>
			<xmin>358</xmin>
			<ymin>112</ymin>
			<xmax>462</xmax>
			<ymax>412</ymax>
		</bndbox>
	</object>
</annotation>
