<annotation>
	<folder>images</folder>
	<filename>wine_bottle254.jpg</filename>
	<path>C:\Users\rgaudre\Downloads\wine_bottle\images\wine_bottle254.jpg</path>
	<source>
		<database>Unknown</database>
	</source>
	<size>
		<width>512</width>
		<height>512</height>
		<depth>3</depth>
	</size>
	<segmented>0</segmented>
	<object>
		<name>wine_bottle</name>
		<pose>Unspecified</pose>
		<truncated>0</truncated>
		<difficult>0</difficult>
		<bndbox>
			<xmin>2</xmin>
			<ymin>15</ymin>
			<xmax>231</xmax>
			<ymax>501</ymax>
		</bndbox>
	</object>
	<object>
		<name>wine_bottle</name>
		<pose>Unspecified</pose>
		<truncated>1</truncated>
		<difficult>0</difficult>
		<bndbox>
			<xmin>282</xmin>
			<ymin>22</ymin>
			<xmax>512</xmax>
			<ymax>486</ymax>
		</bndbox>
	</object>
</annotation>
